{"hand_ring":{"x":0,"y":380,"enabled":false,"halign":"LEFT","valign":"TOP"},"charm_spell_book":{"x":0,"y":260,"enabled":false,"halign":"LEFT","valign":"TOP"},"chest_cape":{"x":0,"y":120,"enabled":false,"halign":"LEFT","valign":"TOP"},"legs_thighs":{"x":0,"y":280,"enabled":false,"halign":"LEFT","valign":"TOP"},"hand_glove":{"x":0,"y":160,"enabled":false,"halign":"LEFT","valign":"TOP"},"feet_vanity":{"x":0,"y":100,"enabled":false,"halign":"LEFT","valign":"TOP"},"charm_charm":{"x":0,"y":140,"enabled":false,"halign":"LEFT","valign":"TOP"},"chest_necklace":{"x":0,"y":100,"enabled":false,"halign":"LEFT","valign":"TOP"},"head_face":{"x":0,"y":20,"enabled":false,"halign":"LEFT","valign":"TOP"},"hand_charm":{"x":0,"y":380,"enabled":false,"halign":"LEFT","valign":"TOP"},"feet_aglet":{"x":0,"y":80,"enabled":false,"halign":"LEFT","valign":"TOP"},"head_vanity":{"x":0,"y":60,"enabled":false,"halign":"LEFT","valign":"TOP"},"chest_back":{"x":0,"y":80,"enabled":false,"halign":"LEFT","valign":"TOP"},"chest_vanity":{"x":0,"y":180,"enabled":false,"halign":"LEFT","valign":"TOP"},"legs_belt":{"x":0,"y":140,"enabled":false,"halign":"LEFT","valign":"TOP"},"feet_shoes":{"x":0,"y":60,"enabled":false,"halign":"LEFT","valign":"TOP"},"offhand_ring":{"x":0,"y":340,"enabled":false,"halign":"LEFT","valign":"TOP"},"chest_quiver":{"x":0,"y":180,"enabled":false,"halign":"LEFT","valign":"TOP"},"legs_key":{"x":0,"y":300,"enabled":false,"halign":"LEFT","valign":"TOP"},"offhand_glove":{"x":0,"y":360,"enabled":false,"halign":"LEFT","valign":"TOP"},"legs_vanity":{"x":0,"y":240,"enabled":false,"halign":"LEFT","valign":"TOP"},"head_hat":{"x":0,"y":40,"enabled":false,"halign":"LEFT","valign":"TOP"}}