{
	"health+10%": {
		"title": "§a+2.5% Maximum Health",
		"frame": {
			"type": "texture",
			"data": {
				"unlocked": "prominent_talents:textures/frames/square_selected.png",
				"available": "prominent_talents:textures/frames/square.png"
			}
		},
		"icon": {
			"type": "effect",
			"data": {
				"effect": "health_boost"
			}
		},
		"rewards": [
			{
				"type": "puffish_skills:attribute",
				"data": {
					"attribute": "generic.max_health",
					"value": 0.025,
					"operation": "multiply_base"
				}
			}
		],
		"editor-color": "#ff00a6",
		"metadata": {
			"icon": "7pb0tmzh3a2xteus"
		}
	},
	"ranged_damage+3%": {
		"title": "§a+8% Roll Distance and Recharge Rate",
		"frame": {
			"type": "texture",
			"data": {
				"unlocked": "prominent_talents:textures/frames/square_selected.png",
				"available": "prominent_talents:textures/frames/square.png"
			}
		},
		"icon": {
			"type": "item",
			"data": {
				"item": "minecells:phaser"
			}
		},
		"rewards": [
			{
				"type": "puffish_skills:attribute",
				"data": {
					"attribute": "combatroll:distance",
					"value": 0.08,
					"operation": "multiply_base"
				}
			},
			{
				"type": "puffish_skills:attribute",
				"data": {
					"attribute": "combatroll:recharge",
					"value": 0.08,
					"operation": "multiply_base"
				}
			}
		],
		"editor-color": "#639c85",
		"metadata": {
			"icon": "9f88jakd7r5i4181"
		}
	},
	"luck+0.25": {
		"title": "§a+4% Roll Distance and Recharge Rate",
		"frame": {
			"type": "texture",
			"data": {
				"unlocked": "prominent_talents:textures/frames/square_selected.png",
				"available": "prominent_talents:textures/frames/square.png"
			}
		},
		"icon": {
			"type": "effect",
			"data": {
				"effect": "slow_falling"
			}
		},
		"rewards": [
			{
				"type": "puffish_skills:attribute",
				"data": {
					"attribute": "combatroll:distance",
					"value": 0.04,
					"operation": "multiply_base"
				}
			},
			{
				"type": "puffish_skills:attribute",
				"data": {
					"attribute": "combatroll:recharge",
					"value": 0.04,
					"operation": "multiply_base"
				}
			}
		],
		"editor-color": "#00ff9f",
		"metadata": {
			"icon": "npxf3a8d02l1ropw"
		}
	},
	"luck+4": {
		"title": "§7§lGreater Second Wind",
		"description": "§8Become a master of movement, gaining extra rolls.\n \n§a+2 Rolls",
		"frame": {
			"type": "texture",
			"data": {
				"unlocked": "prominent_talents:textures/frames/diamond_selected.png",
				"available": "prominent_talents:textures/frames/diamond.png"
			}
		},
		"icon": {
			"type": "item",
			"data": {
				"item": "artifacts:aqua_dashers"
			}
		},
		"rewards": [
			{
				"type": "puffish_skills:attribute",
				"data": {
					"attribute": "combatroll:count",
					"value": 2,
					"operation": "addition"
				}
			}
		],
		"editor-color": "#60fe01",
		"metadata": {
			"icon": "hto0vin9i9ptqzse"
		}
	},
	"jump+8%": {
		"title": "§a+16% Jump Height",
		"frame": {
			"type": "texture",
			"data": {
				"unlocked": "prominent_talents:textures/frames/square_selected.png",
				"available": "prominent_talents:textures/frames/square.png"
			}
		},
		"icon": {
			"type": "effect",
			"data": {
				"effect": "jump_boost"
			}
		},
		"rewards": [
			{
				"type": "puffish_skills:attribute",
				"data": {
					"attribute": "puffish_skills:player.jump",
					"value": 0.16,
					"operation": "multiply_base"
				}
			}
		],
		"editor-color": "#0031ff",
		"metadata": {
			"icon": "1hrwee7u81tpie3b"
		}
	},
	"hothead": {
		"title": "§cFire Archmage",
		"description": "§8Devote yourself to the art of the dangerous fire magic, but abandon the knowledge on the rest of the elements.\n \n§a+6 Fire Power\n§a+10% Spell Critical Chance\n§cLose Frost and Arcane Powers",
		"frame": {
			"type": "texture",
			"data": {
				"unlocked": "prominent_talents:textures/frames/diamond_selected.png",
				"available": "prominent_talents:textures/frames/diamond.png"
			}
		},
		"icon": {
			"type": "effect",
			"data": {
				"effect": "spell_power:fire"
			}
		},
		"rewards": [
			{
				"type": "puffish_skills:attribute",
				"data": {
					"attribute": "spell_power:fire",
					"value": 6,
					"operation": "addition"
				}
			},
			{
				"type": "puffish_skills:attribute",
				"data": {
					"attribute": "projectile_damage:generic",
					"value": -0.2,
					"operation": "multiply_base"
				}
			},
			{
				"type": "puffish_skills:attribute",
				"data": {
					"attribute": "spell_power:critical_chance",
					"value": 0.1,
					"operation": "multiply_total"
				}
			},
			{
				"type": "puffish_skills:attribute",
				"data": {
					"attribute": "spell_power:frost",
					"value": -1,
					"operation": "multiply_total"
				}
			},
			{
				"type": "puffish_skills:attribute",
				"data": {
					"attribute": "spell_power:arcane",
					"value": -1,
					"operation": "multiply_total"
				}
			}
		],
		"editor-color": "#00ffe4",
		"metadata": {
			"icon": "jlvstamh3i7o5ias"
		}
	},
	"donoharm": {
		"title": "§6§lHigh Priest",
		"description": "§8Turn yourself into the light, becoming a wielder of pure holy power that will heal your allies, but lose damage in exchange.\n \n§a+100% Healing Power\n§c-60% Damage",
		"frame": {
			"type": "texture",
			"data": {
				"unlocked": "prominent_talents:textures/frames/diamond_selected.png",
				"available": "prominent_talents:textures/frames/diamond.png"
			}
		},
		"icon": {
			"type": "effect",
			"data": {
				"effect": "paladins:divine_protection"
			}
		},
		"rewards": [
			{
				"type": "puffish_skills:attribute",
				"data": {
					"attribute": "spell_power:healing",
					"value": 0.5,
					"operation": "multiply_total"
				}
			},
			{
				"type": "puffish_skills:attribute",
				"data": {
					"attribute": "puffish_skills:player.melee_damage",
					"value": -0.8,
					"operation": "multiply_total"
				}
			},
			{
				"type": "puffish_skills:attribute",
				"data": {
					"attribute": "projectile_damage:generic",
					"value": -0.8,
					"operation": "multiply_total"
				}
			}
		],
		"editor-color": "#9d00ff",
		"metadata": {
			"icon": "47p35zypvlpzrd0x"
		}
	},
	"armor+20%": {
		"title": "§a+8% Armor",
		"frame": {
			"type": "texture",
			"data": {
				"unlocked": "prominent_talents:textures/frames/square_selected.png",
				"available": "prominent_talents:textures/frames/square.png"
			}
		},
		"icon": {
			"type": "item",
			"data": {
				"item": "shield"
			}
		},
		"rewards": [
			{
				"type": "puffish_skills:attribute",
				"data": {
					"attribute": "generic.armor",
					"value": 0.08,
					"operation": "multiply_base"
				}
			}
		],
		"editor-color": "#474ab8",
		"metadata": {
			"icon": "ke3ib6o83u4rmshd"
		}
	},
	"toughness+20%": {
		"title": "§a+5% Toughness",
		"frame": {
			"type": "texture",
			"data": {
				"unlocked": "prominent_talents:textures/frames/square_selected.png",
				"available": "prominent_talents:textures/frames/square.png"
			}
		},
		"icon": {
			"type": "effect",
			"data": {
				"effect": "resistance"
			}
		},
		"rewards": [
			{
				"type": "puffish_skills:attribute",
				"data": {
					"attribute": "generic.armor_toughness",
					"value": 0.05,
					"operation": "multiply_base"
				}
			}
		],
		"editor-color": "#30ff00",
		"metadata": {
			"icon": "7iymm263ogvwi0mx"
		}
	},
	"melee_damage+12%": {
		"title": "§a+3.5% Attack Damage",
		"frame": {
			"type": "texture",
			"data": {
				"unlocked": "prominent_talents:textures/frames/square_selected.png",
				"available": "prominent_talents:textures/frames/square.png"
			}
		},
		"icon": {
			"type": "effect",
			"data": {
				"effect": "strength"
			}
		},
		"rewards": [
			{
				"type": "puffish_skills:attribute",
				"data": {
					"attribute": "generic.attack_damage",
					"value": 0.035,
					"operation": "multiply_total"
				}
			}
		],
		"editor-color": "#00efff",
		"metadata": {
			"icon": "0t1l4wesv67w4zpo"
		}
	},
	"omnivamp": {
		"title": "§a+8% Omnivampirism",
		"frame": {
			"type": "texture",
			"data": {
				"unlocked": "prominent_talents:textures/frames/square_selected.png",
				"available": "prominent_talents:textures/frames/square.png"
			}
		},
		"icon": {
			"type": "item",
			"data": {
				"item": "graveyard:bone_dagger"
			}
		},
		"rewards": [
			{
				"type": "puffish_skills:attribute",
				"data": {
					"attribute": "zenith_attributes:life_steal",
					"value": 0.08,
					"operation": "multiply_total"
				}
			}
		],
		"editor-color": "#00efff",
		"metadata": {
			"icon": "4fe9gmscb3uy2jyk"
		}
	},
	"lethality": {
		"title": "§a+8% Lethality",
		"frame": {
			"type": "texture",
			"data": {
				"unlocked": "prominent_talents:textures/frames/square_selected.png",
				"available": "prominent_talents:textures/frames/square.png"
			}
		},
		"icon": {
			"type": "effect",
			"data": {
				"effect": "obscure_api:fury"
			}
		},
		"rewards": [
			{
				"type": "puffish_skills:attribute",
				"data": {
					"attribute": "obscure_api:penetration",
					"value": 0.08,
					"operation": "multiply_total"
				}
			}
		],
		"editor-color": "#00efff",
		"metadata": {
			"icon": "4fe9gmscb3uy2jyk"
		}
	},
	"magicpen": {
		"title": "§a+5% Magic Penetration",
		"frame": {
			"type": "texture",
			"data": {
				"unlocked": "prominent_talents:textures/frames/square_selected.png",
				"available": "prominent_talents:textures/frames/square.png"
			}
		},
		"icon": {
			"type": "item",
			"data": {
				"item": "the_bumblezone:essence_knowing"
			}
		},
		"rewards": [
			{
				"type": "puffish_skills:attribute",
				"data": {
					"attribute": "obscure_api:penetration",
					"value": 0.05,
					"operation": "multiply_total"
				}
			}
		],
		"editor-color": "#00efff",
		"metadata": {
			"icon": "4fe9gmscb3uy2jyk"
		}
	},
	"path_archer": {
		"title": "§bArcher's Path",
		"description": "§aBonus damage with bows and crossbows",
		"frame": {
			"type": "texture",
			"data": {
				"unlocked": "prominent_talents:textures/frames/circle_selected.png",
				"available": "prominent_talents:textures/frames/circle.png"
			}
		},
		"icon": {
			"type": "item",
			"data": {
				"item": "archers:composite_longbow"
			}
		},
		"rewards": [
			{
				"type": "puffish_skills:attribute",
				"data": {
					"attribute": "projectile_damage:generic",
					"value": 0.05,
					"operation": "multiply_total"
				}
			}
		],
		"editor-color": "#669968",
		"metadata": {
			"icon": "0jhcxsny2y0mruvz"
		}
	},
	"path_rogue": {
		"title": "§cRogue's Path",
		"description": "§aBonus speed and melee damage",
		"frame": {
			"type": "texture",
			"data": {
				"unlocked": "prominent_talents:textures/frames/circle_selected.png",
				"available": "prominent_talents:textures/frames/circle.png"
			}
		},
		"icon": {
			"type": "item",
			"data": {
				"item": "mcdw:soul_dagger_soul_knife"
			}
		},
		"rewards": [
			{
				"type": "puffish_skills:attribute",
				"data": {
					"attribute": "generic.movement_speed",
					"value": 0.12,
					"operation": "multiply_base"
				}
			},
			{
				"type": "puffish_skills:attribute",
				"data": {
					"attribute": "generic.attack_damage",
					"value": 0.5,
					"operation": "addition"
				}
			}
		],
		"editor-color": "#669968",
		"metadata": {
			"icon": "0jhcxsny2y0mruvz"
		}
	},
	"path_fire": {
		"title": "§cPyrotechnic Knowledge",
		"description": "§aBonus fire spell power",
		"frame": {
			"type": "texture",
			"data": {
				"unlocked": "prominent_talents:textures/frames/circle_selected.png",
				"available": "prominent_talents:textures/frames/circle.png"
			}
		},
		"icon": {
			"type": "item",
			"data": {
				"item": "spellbladenext:fire_orb"
			}
		},
		"rewards": [
			{
				"type": "puffish_skills:attribute",
				"data": {
					"attribute": "spell_power:fire",
					"value": 0.5,
					"operation": "addition"
				}
			}
		],
		"editor-color": "#669968",
		"metadata": {
			"icon": "0jhcxsny2y0mruvz"
		}
	},
	"path_arcane": {
		"title": "§dEnigmatic Knowledge",
		"description": "§aBonus arcane spell power",
		"frame": {
			"type": "texture",
			"data": {
				"unlocked": "prominent_talents:textures/frames/circle_selected.png",
				"available": "prominent_talents:textures/frames/circle.png"
			}
		},
		"icon": {
			"type": "item",
			"data": {
				"item": "spellbladenext:arcane_orb"
			}
		},
		"rewards": [
			{
				"type": "puffish_skills:attribute",
				"data": {
					"attribute": "spell_power:arcane",
					"value": 0.5,
					"operation": "addition"
				}
			}
		],
		"editor-color": "#669968",
		"metadata": {
			"icon": "0jhcxsny2y0mruvz"
		}
	},
	"path_frost": {
		"title": "§bFrozen Knowledge",
		"description": "§aBonus frost spell power",
		"frame": {
			"type": "texture",
			"data": {
				"unlocked": "prominent_talents:textures/frames/circle_selected.png",
				"available": "prominent_talents:textures/frames/circle.png"
			}
		},
		"icon": {
			"type": "item",
			"data": {
				"item": "spellbladenext:frost_orb"
			}
		},
		"rewards": [
			{
				"type": "puffish_skills:attribute",
				"data": {
					"attribute": "spell_power:frost",
					"value": 0.5,
					"operation": "addition"
				}
			}
		],
		"editor-color": "#669968",
		"metadata": {
			"icon": "0jhcxsny2y0mruvz"
		}
	},
	"path_protector": {
		"title": "§6Protector's Path",
		"description": "§aBonus health and healing",
		"frame": {
			"type": "texture",
			"data": {
				"unlocked": "prominent_talents:textures/frames/circle_selected.png",
				"available": "prominent_talents:textures/frames/circle.png"
			}
		},
		"icon": {
			"type": "item",
			"data": {
				"item": "mcdw:shield_royal_guard"
			}
		},
		"rewards": [
			{
				"type": "puffish_skills:attribute",
				"data": {
					"attribute": "generic.max_health",
					"value": 0.025,
					"operation": "multiply_base"
				}
			},
			{
				"type": "puffish_skills:attribute",
				"data": {
					"attribute": "puffish_skills:player.healing",
					"value": 0.15,
					"operation": "multiply_total"
				}
			},
			{
				"type": "puffish_skills:attribute",
				"data": {
					"attribute": "spell_power:healing",
					"value": 1,
					"operation": "addition"
				}
			}
		],
		"editor-color": "#669968",
		"metadata": {
			"icon": "0jhcxsny2y0mruvz"
		}
	},
	"ranged_damage+12%": {
		"title": "§a+3% Ranged Damage",
		"frame": {
			"type": "texture",
			"data": {
				"unlocked": "prominent_talents:textures/frames/square_selected.png",
				"available": "prominent_talents:textures/frames/square.png"
			}
		},
		"icon": {
			"type": "item",
			"data": {
				"item": "bow"
			}
		},
		"rewards": [
			{
				"type": "puffish_skills:attribute",
				"data": {
					"attribute": "projectile_damage:generic",
					"value": 0.03,
					"operation": "multiply_total"
				}
			}
		],
		"editor-color": "#669968",
		"metadata": {
			"icon": "0jhcxsny2y0mruvz"
		}
	},
	"attack_speed+6%": {
		"title": "§a+2% Attack Speed",
		"frame": {
			"type": "texture",
			"data": {
				"unlocked": "prominent_talents:textures/frames/square_selected.png",
				"available": "prominent_talents:textures/frames/square.png"
			}
		},
		"icon": {
			"type": "item",
			"data": {
				"item": "golden_sword"
			}
		},
		"rewards": [
			{
				"type": "puffish_skills:attribute",
				"data": {
					"attribute": "generic.attack_speed",
					"value": 0.02,
					"operation": "multiply_base"
				}
			}
		],
		"editor-color": "#ffe500",
		"metadata": {
			"icon": "zxactenjj1ajaqye"
		}
	},
	"movement_speed+6%": {
		"title": "§a+12% Movement Speed",
		"frame": {
			"type": "texture",
			"data": {
				"unlocked": "prominent_talents:textures/frames/square_selected.png",
				"available": "prominent_talents:textures/frames/square.png"
			}
		},
		"icon": {
			"type": "effect",
			"data": {
				"effect": "speed"
			}
		},
		"rewards": [
			{
				"type": "puffish_skills:attribute",
				"data": {
					"attribute": "generic.movement_speed",
					"value": 0.12,
					"operation": "multiply_base"
				}
			}
		],
		"editor-color": "#5aa758",
		"metadata": {
			"icon": "545voaik7uzcf3mh"
		}
	},
	"healing+12%": {
		"title": "§a+2% Self Healing and Healing Power",
		"frame": {
			"type": "texture",
			"data": {
				"unlocked": "prominent_talents:textures/frames/square_selected.png",
				"available": "prominent_talents:textures/frames/square.png"
			}
		},
		"icon": {
			"type": "effect",
			"data": {
				"effect": "regeneration"
			}
		},
		"rewards": [
			{
				"type": "puffish_skills:attribute",
				"data": {
					"attribute": "puffish_skills:player.healing",
					"value": 0.02,
					"operation": "multiply_base"
				}
			},
			{
				"type": "puffish_skills:attribute",
				"data": {
					"attribute": "spell_power:healing",
					"value": 0.02,
					"operation": "multiply_total"
				}
			}
		],
		"editor-color": "#7f7f7f",
		"metadata": {
			"icon": "m8nd3t327jsczqnb"
		}
	},
	"stamina+8%": {
		"title": "§a+8% Stamina",
		"frame": {
			"type": "texture",
			"data": {
				"unlocked": "prominent_talents:textures/frames/square_selected.png",
				"available": "prominent_talents:textures/frames/square.png"
			}
		},
		"icon": {
			"type": "effect",
			"data": {
				"effect": "saturation"
			}
		},
		"rewards": [
			{
				"type": "puffish_skills:attribute",
				"data": {
					"attribute": "puffish_skills:player.stamina",
					"value": 0.08,
					"operation": "multiply_base"
				}
			}
		],
		"editor-color": "#ff5300",
		"metadata": {
			"icon": "k1xeqvyw9djsf58e"
		}
	},
	"fire+12%": {
		"title": "§a+3% Fire Power",
		"description": "§a +1% Spell Critical Chance",
		"frame": {
			"type": "texture",
			"data": {
				"unlocked": "prominent_talents:textures/frames/square_selected.png",
				"available": "prominent_talents:textures/frames/square.png"
			}
		},
		"icon": {
			"type": "item",
			"data": {
				"item": "runes:fire_stone"
			}
		},
		"rewards": [
			{
				"type": "puffish_skills:attribute",
				"data": {
					"attribute": "spell_power:fire",
					"value": 0.03,
					"operation": "multiply_base"
				}
			},
			{
				"type": "puffish_skills:attribute",
				"data": {
					"attribute": "spell_power:critical_chance",
					"value": 0.01,
					"operation": "multiply_total"
				}
			}
		],
		"editor-color": "#d3622c",
		"metadata": {
			"icon": "k8moz0bep6poeume"
		}
	},
	"frost+12%": {
		"title": "§a+3% Frost Power",
		"description": "§a +1% Spell Haste",
		"frame": {
			"type": "texture",
			"data": {
				"unlocked": "prominent_talents:textures/frames/square_selected.png",
				"available": "prominent_talents:textures/frames/square.png"
			}
		},
		"icon": {
			"type": "item",
			"data": {
				"item": "runes:frost_stone"
			}
		},
		"rewards": [
			{
				"type": "puffish_skills:attribute",
				"data": {
					"attribute": "spell_power:frost",
					"value": 0.03,
					"operation": "multiply_base"
				}
			},
			{
				"type": "puffish_skills:attribute",
				"data": {
					"attribute": "spell_power:haste",
					"value": 0.01,
					"operation": "multiply_total"
				}
			}
		],
		"editor-color": "#00ffff",
		"metadata": {
			"icon": "gf315xif2stdqahr"
		}
	},
	"arcane+12%": {
		"title": "§a+3% Arcane Power",
		"description": "§a+1% Spell Critical Damage",
		"frame": {
			"type": "texture",
			"data": {
				"unlocked": "prominent_talents:textures/frames/square_selected.png",
				"available": "prominent_talents:textures/frames/square.png"
			}
		},
		"icon": {
			"type": "item",
			"data": {
				"item": "runes:arcane_stone"
			}
		},
		"rewards": [
			{
				"type": "puffish_skills:attribute",
				"data": {
					"attribute": "spell_power:arcane",
					"value": 0.03,
					"operation": "multiply_base"
				}
			},
			{
				"type": "puffish_skills:attribute",
				"data": {
					"attribute": "spell_power:critical_damage",
					"value": 0.01,
					"operation": "multiply_total"
				}
			}
		],
		"editor-color": "#dc23ce",
		"metadata": {
			"icon": "3fcigw6fsrjushua"
		}
	},
	"eldritch": {
		"title": "§d§lArcane Archmage",
		"description": "§8Devote yourself to the art of the enigmatic arcane magic, but abandon the knowledge on the rest of the elements.\n \n§a+6 Arcane Power\n§a+25% Spell Critical Damage\n§cLose Fire and Frost Powers",
		"frame": {
			"type": "texture",
			"data": {
				"unlocked": "prominent_talents:textures/frames/diamond_selected.png",
				"available": "prominent_talents:textures/frames/diamond.png"
			}
		},
		"icon": {
			"type": "effect",
			"data": {
				"effect": "spell_power:arcane"
			}
		},
		"rewards": [
			{
				"type": "puffish_skills:attribute",
				"data": {
					"attribute": "spell_power:arcane",
					"value": 6,
					"operation": "addition"
				}
			},
			{
				"type": "puffish_skills:attribute",
				"data": {
					"attribute": "spell_power:critical_damage",
					"value": 0.25,
					"operation": "multiply_total"
				}
			},
			{
				"type": "puffish_skills:attribute",
				"data": {
					"attribute": "projectile_damage:generic",
					"value": -0.2,
					"operation": "multiply_base"
				}
			},
			{
				"type": "puffish_skills:attribute",
				"data": {
					"attribute": "spell_power:fire",
					"value": -1,
					"operation": "multiply_total"
				}
			},
			{
				"type": "puffish_skills:attribute",
				"data": {
					"attribute": "spell_power:frost",
					"value": -1,
					"operation": "multiply_total"
				}
			}
		],
		"editor-color": "#00ffe4",
		"metadata": {
			"icon": "u230reltjteb5x59"
		}
	},
	"flurryofblows": {
		"title": "§6'Imagine if I Had a Real Weapon'\n§bHeavy Weapons Guy + Light Attack Larry",
		"frame": {
			"type": "texture",
			"data": {
				"unlocked": "prominent_talents:textures/frames/square_selected.png",
				"available": "prominent_talents:textures/frames/square.png"
			}
		},
		"icon": {
			"type": "item",
			"data": {
				"item": "fishing_rod"
			}
		},
		"rewards": [
			{
				"type": "puffish_skills:attribute",
				"data": {
					"attribute": "generic.attack_speed",
					"value": 3,
					"operation": "addition"
				}
			},
			{
				"type": "puffish_skills:attribute",
				"data": {
					"attribute": "generic.attack_speed",
					"value": -0.5,
					"operation": "multiply_total"
				}
			},
			{
				"type": "puffish_skills:attribute",
				"data": {
					"attribute": "generic.attack_damage",
					"value": 16,
					"operation": "addition"
				}
			},
			{
				"type": "puffish_skills:attribute",
				"data": {
					"attribute": "generic.attack_damage",
					"value": -0.5,
					"operation": "multiply_total"
				}
			}
		],
		"editor-color": "#9d00ff",
		"metadata": {
			"icon": "ad1gmexjy6yl7q20"
		}
	},
	"heavy": {
		"title": "§6Heavy Weapons Guy \n§a+3 Attack Speed\n§c-50% Attack Speed",
		"frame": {
			"type": "texture",
			"data": {
				"unlocked": "prominent_talents:textures/frames/square_selected.png",
				"available": "prominent_talents:textures/frames/square.png"
			}
		},
		"icon": {
			"type": "item",
			"data": {
				"item": "iron_axe"
			}
		},
		"rewards": [
			{
				"type": "puffish_skills:attribute",
				"data": {
					"attribute": "generic.attack_speed",
					"value": 3,
					"operation": "addition"
				}
			},
			{
				"type": "puffish_skills:attribute",
				"data": {
					"attribute": "generic.attack_speed",
					"value": -0.5,
					"operation": "multiply_total"
				}
			}
		],
		"editor-color": "#ae519b",
		"metadata": {
			"icon": "hufyjog82p0aiaky"
		}
	},
	"larry": {
		"title": "§6§lWarrior's Devotion",
		"description": "§8Sacrifice all your magical knowledge to become the most prominent warrior.\n \n§a+10 Attack Damage\n§c-25% Ranged Damage\n§cLose all Spell Power",
		"frame": {
			"type": "texture",
			"data": {
				"unlocked": "prominent_talents:textures/frames/diamond_selected.png",
				"available": "prominent_talents:textures/frames/diamond.png"
			}
		},
		"icon": {
			"type": "item",
			"data": {
				"item": "simplyswords:netherite_greataxe"
			}
		},
		"rewards": [
			{
				"type": "puffish_skills:attribute",
				"data": {
					"attribute": "generic.attack_damage",
					"value": 10,
					"operation": "addition"
				}
			},
			{
				"type": "puffish_skills:attribute",
				"data": {
					"attribute": "projectile_damage:generic",
					"value": -0.5,
					"operation": "multiply_base"
				}
			},
			{
				"type": "puffish_skills:attribute",
				"data": {
					"attribute": "spell_power:arcane",
					"value": -1,
					"operation": "multiply_total"
				}
			},
			{
				"type": "puffish_skills:attribute",
				"data": {
					"attribute": "spell_power:healing",
					"value": -1,
					"operation": "multiply_total"
				}
			},
			{
				"type": "puffish_skills:attribute",
				"data": {
					"attribute": "spell_power:fire",
					"value": -1,
					"operation": "multiply_total"
				}
			},
			{
				"type": "puffish_skills:attribute",
				"data": {
					"attribute": "spell_power:frost",
					"value": -1,
					"operation": "multiply_total"
				}
			},
			{
				"type": "puffish_skills:attribute",
				"data": {
					"attribute": "spell_power:soul",
					"value": -1,
					"operation": "multiply_total"
				}
			}
		],
		"editor-color": "#3d72c2",
		"metadata": {
			"icon": "hlv0lga5owd0czjk"
		}
	},
	"grace": {
		"title": "§b§lLegolas' Legacy",
		"description": "§8Become the master of Bows, giving you faster draw speed and lethal projectiles, at the cost of making your armor less efficent.\n \n§a+10% Ranged Damage\n§a+5 Projectile Lethality\n§a+200% Ranged Weapon Handling\n§c-100% Knockback Resistance\n§c-80% Armor Efficency",
		"frame": {
			"type": "texture",
			"data": {
				"unlocked": "prominent_talents:textures/frames/diamond_selected.png",
				"available": "prominent_talents:textures/frames/diamond.png"
			}
		},
		"icon": {
			"type": "item",
			"data": {
				"item": "mcdw:bow_sabrewing"
			}
		},
		"rewards": [
			{
				"type": "puffish_skills:attribute",
				"data": {
					"attribute": "generic.knockback_resistance",
					"value": -1,
					"operation": "addition"
				}
			},
			{
				"type": "puffish_skills:attribute",
				"data": {
					"attribute": "projectile_damage:generic",
					"value": 0.1,
					"operation": "multiply_total"
				}
			},
			{
				"type": "puffish_skills:attribute",
				"data": {
					"attribute": "projectile_damage:generic",
					"value": 5,
					"operation": "addition"
				}
			},
			{
				"type": "puffish_skills:attribute",
				"data": {
					"attribute": "zenith_attributes:draw_speed",
					"value": 2,
					"operation": "addition"
				}
			},
			{
				"type": "puffish_skills:attribute",
				"data": {
					"attribute": "generic.armor",
					"value": -0.8,
					"operation": "multiply_total"
				}
			}
		],
		"metadata": {
			"icon": "d2mbxjlg2z4ggye3"
		}
	},
	"stalwart": {
		"title": "§e§lIron Skin",
		"description": "§8Turn your skin into iron, replacing your armor into 40% damage resistance.\n \n§a+40% Resistance\n§c-20% Attack Damage\n§c-100% Armor Efficency",
		"frame": {
			"type": "texture",
			"data": {
				"unlocked": "prominent_talents:textures/frames/diamond_selected.png",
				"available": "prominent_talents:textures/frames/diamond.png"
			}
		},
		"icon": {
			"type": "item",
			"data": {
				"item": "mcdw:shield_vanguard"
			}
		},
		"rewards": [
			{
				"type": "puffish_skills:attribute",
				"data": {
					"attribute": "puffish_skills:player.resistance",
					"value": 0.4,
					"operation": "multiply_base"
				}
			},
			{
				"type": "puffish_skills:attribute",
				"data": {
					"attribute": "generic.armor",
					"value": -1,
					"operation": "multiply_total"
				}
			},
			{
				"type": "puffish_skills:attribute",
				"data": {
					"attribute": "generic.armor_toughness",
					"value": -1,
					"operation": "multiply_total"
				}
			},
			{
				"type": "puffish_skills:attribute",
				"data": {
					"attribute": "projectile_damage:generic",
					"value": -0.2,
					"operation": "multiply_total"
				}
			},
			{
				"type": "puffish_skills:attribute",
				"data": {
					"attribute": "puffish_skills:player.melee_damage",
					"value": -0.2,
					"operation": "multiply_total"
				}
			}
		],
		"editor-color": "#30ff00",
		"metadata": {
			"icon": "97dunb1b5x5x8231"
		}
	},
	"iceking": {
		"title": "§b§lFrost Archmage",
		"description": "§8Devote yourself to the art of the frozen magic, but abandon the knowledge on the rest of the elements.\n \n§a+6 Frost Power\n§a+5% Spell Critical Chance\n§a+20% Spell Critical Damage\n§cLose Arcane and Fire Powers",
		"frame": {
			"type": "texture",
			"data": {
				"unlocked": "prominent_talents:textures/frames/diamond_selected.png",
				"available": "prominent_talents:textures/frames/diamond.png"
			}
		},
		"icon": {
			"type": "effect",
			"data": {
				"effect": "spell_power:frost"
			}
		},
		"rewards": [
			{
				"type": "puffish_skills:attribute",
				"data": {
					"attribute": "spell_power:frost",
					"value": 6,
					"operation": "addition"
				}
			},
			{
				"type": "puffish_skills:attribute",
				"data": {
					"attribute": "spell_power:critical_chance",
					"value": 0.05,
					"operation": "multiply_total"
				}
			},
			{
				"type": "puffish_skills:attribute",
				"data": {
					"attribute": "projectile_damage:generic",
					"value": -0.2,
					"operation": "multiply_base"
				}
			},
			{
				"type": "puffish_skills:attribute",
				"data": {
					"attribute": "spell_power:critical_damage",
					"value": 0.2,
					"operation": "multiply_total"
				}
			},
			{
				"type": "puffish_skills:attribute",
				"data": {
					"attribute": "spell_power:fire",
					"value": -1,
					"operation": "multiply_total"
				}
			},
			{
				"type": "puffish_skills:attribute",
				"data": {
					"attribute": "spell_power:arcane",
					"value": -1,
					"operation": "multiply_total"
				}
			}
		],
		"editor-color": "#00ffe4",
		"metadata": {
			"icon": "sp922cna5stkq2gh"
		}
	},
	"Elementalist": {
		"title": "§d§lOf Runes & Stars",
		"description": "§8Become an astral sorcerer that can control all elements.\n \n§a+3 Frost Power\n§a+3 Arcane Power\n§a+3 Fire Power\n§a+8% Spell Critical Chance\n§a+15% Spell Critical Damage\n",
		"frame": {
			"type": "texture",
			"data": {
				"unlocked": "prominent_talents:textures/frames/diamond_selected.png",
				"available": "prominent_talents:textures/frames/diamond.png"
			}
		},
		"icon": {
			"type": "item",
			"data": {
				"item": "minecraft:nether_star"
			}
		},
		"rewards": [
			{
				"type": "puffish_skills:attribute",
				"data": {
					"attribute": "spell_power:frost",
					"value": 3,
					"operation": "addition"
				}
			},
			{
				"type": "puffish_skills:attribute",
				"data": {
					"attribute": "spell_power:critical_chance",
					"value": 0.08,
					"operation": "multiply_total"
				}
			},
			{
				"type": "puffish_skills:attribute",
				"data": {
					"attribute": "projectile_damage:generic",
					"value": -0.15,
					"operation": "multiply_base"
				}
			},
			{
				"type": "puffish_skills:attribute",
				"data": {
					"attribute": "spell_power:critical_damage",
					"value": 0.15,
					"operation": "multiply_total"
				}
			},
			{
				"type": "puffish_skills:attribute",
				"data": {
					"attribute": "spell_power:fire",
					"value": 3,
					"operation": "addition"
				}
			},
			{
				"type": "puffish_skills:attribute",
				"data": {
					"attribute": "spell_power:arcane",
					"value": 3,
					"operation": "addition"
				}
			}
		],
		"metadata": {
			"icon": "7xdv4qj6p7ub866s"
		}
	}
}