{
  "version": 1,
  "displayDebugData": false,
  "enabled": true,
  "leafSize": 5,
  "leafLifespan": 200,
  "leafSpawnRate": 10,
  "coniferLeafSpawnRate": 0,
  "snowflakeSpawnRate": 15,
  "dropFromPlayerPlacedBlocks": true,
  "leavesOnBlockHit": true,
  "minimumFreeSpaceBelow": 1,
  "windEnabled": true,
  "windlessDimensions": [
    "minecraft:the_end",
    "minecraft:the_nether"
  ],
  "leafSettings": {
    "betternether:anchor_tree_leaves": {
      "spawnRateFactor": 1.0,
      "isConiferBlock": false,
      "spawnBreakingLeaves": false
    },
    "minecraft:mangrove_leaves": {
      "spawnRateFactor": 1.0,
      "isConiferBlock": false,
      "spawnBreakingLeaves": false
    },
    "minecraft:azalea_leaves": {
      "spawnRateFactor": 1.0,
      "isConiferBlock": false,
      "spawnBreakingLeaves": false
    },
    "minecraft:birch_leaves": {
      "spawnRateFactor": 1.0,
      "isConiferBlock": false,
      "spawnBreakingLeaves": false
    },
    "minecraft:cherry_leaves": {
      "spawnRateFactor": 1.0,
      "isConiferBlock": false,
      "spawnBreakingLeaves": false
    },
    "betterend:tenanea_leaves": {
      "spawnRateFactor": 1.0,
      "isConiferBlock": false,
      "spawnBreakingLeaves": false
    },
    "minecraft:acacia_leaves": {
      "spawnRateFactor": 1.0,
      "isConiferBlock": false,
      "spawnBreakingLeaves": false
    },
    "betterend:pythadendron_leaves": {
      "spawnRateFactor": 1.0,
      "isConiferBlock": false,
      "spawnBreakingLeaves": false
    },
    "betternether:nether_sakura_leaves": {
      "spawnRateFactor": 1.0,
      "isConiferBlock": false,
      "spawnBreakingLeaves": false
    },
    "croptopia:cinnamon_leaves": {
      "spawnRateFactor": 1.0,
      "isConiferBlock": false,
      "spawnBreakingLeaves": false
    },
    "betterend:lucernia_leaves": {
      "spawnRateFactor": 1.0,
      "isConiferBlock": false,
      "spawnBreakingLeaves": false
    },
    "betternether:willow_leaves": {
      "spawnRateFactor": 1.0,
      "isConiferBlock": false,
      "spawnBreakingLeaves": false
    },
    "techreborn:rubber_leaves": {
      "spawnRateFactor": 1.0,
      "isConiferBlock": false,
      "spawnBreakingLeaves": false
    },
    "minecraft:jungle_leaves": {
      "spawnRateFactor": 0.0,
      "isConiferBlock": false,
      "spawnBreakingLeaves": false
    },
    "minecraft:flowering_azalea_leaves": {
      "spawnRateFactor": 1.0,
      "isConiferBlock": false,
      "spawnBreakingLeaves": false
    },
    "betternether:rubeus_leaves": {
      "spawnRateFactor": 1.0,
      "isConiferBlock": false,
      "spawnBreakingLeaves": false
    },
    "minecraft:oak_leaves": {
      "spawnRateFactor": 1.0,
      "isConiferBlock": false,
      "spawnBreakingLeaves": false
    },
    "ad_astra:glacian_leaves": {
      "spawnRateFactor": 1.0,
      "isConiferBlock": false,
      "spawnBreakingLeaves": false
    },
    "betterend:dragon_tree_leaves": {
      "spawnRateFactor": 1.0,
      "isConiferBlock": false,
      "spawnBreakingLeaves": false
    },
    "betterend:lacugrove_leaves": {
      "spawnRateFactor": 1.0,
      "isConiferBlock": false,
      "spawnBreakingLeaves": false
    },
    "minecraft:dark_oak_leaves": {
      "spawnRateFactor": 1.0,
      "isConiferBlock": false,
      "spawnBreakingLeaves": false
    },
    "minecraft:spruce_leaves": {
      "spawnRateFactor": 1.0,
      "isConiferBlock": true,
      "spawnBreakingLeaves": false
    },
    "croptopia:nectarine_crop": {
      "spawnRateFactor": 1.0,
      "isConiferBlock": false,
      "spawnBreakingLeaves": false
    },
    "croptopia:pecan_crop": {
      "spawnRateFactor": 1.0,
      "isConiferBlock": false,
      "spawnBreakingLeaves": false
    },
    "croptopia:cherry_crop": {
      "spawnRateFactor": 1.0,
      "isConiferBlock": false,
      "spawnBreakingLeaves": false
    },
    "croptopia:lemon_crop": {
      "spawnRateFactor": 1.0,
      "isConiferBlock": false,
      "spawnBreakingLeaves": false
    },
    "croptopia:avocado_crop": {
      "spawnRateFactor": 1.0,
      "isConiferBlock": false,
      "spawnBreakingLeaves": false
    },
    "betterend:tenanea_outer_leaves": {
      "spawnRateFactor": 1.0,
      "isConiferBlock": false,
      "spawnBreakingLeaves": false
    },
    "croptopia:mango_crop": {
      "spawnRateFactor": 1.0,
      "isConiferBlock": false,
      "spawnBreakingLeaves": false
    },
    "croptopia:coconut_crop": {
      "spawnRateFactor": 1.0,
      "isConiferBlock": false,
      "spawnBreakingLeaves": false
    },
    "croptopia:dragonfruit_crop": {
      "spawnRateFactor": 1.0,
      "isConiferBlock": false,
      "spawnBreakingLeaves": false
    },
    "croptopia:cashew_crop": {
      "spawnRateFactor": 1.0,
      "isConiferBlock": false,
      "spawnBreakingLeaves": false
    },
    "croptopia:date_crop": {
      "spawnRateFactor": 1.0,
      "isConiferBlock": false,
      "spawnBreakingLeaves": false
    },
    "croptopia:persimmon_crop": {
      "spawnRateFactor": 1.0,
      "isConiferBlock": false,
      "spawnBreakingLeaves": false
    },
    "croptopia:starfruit_crop": {
      "spawnRateFactor": 1.0,
      "isConiferBlock": false,
      "spawnBreakingLeaves": false
    },
    "betterend:mossy_glowshroom_fur": {
      "spawnRateFactor": 1.0,
      "isConiferBlock": false,
      "spawnBreakingLeaves": false
    },
    "croptopia:nutmeg_crop": {
      "spawnRateFactor": 1.0,
      "isConiferBlock": false,
      "spawnBreakingLeaves": false
    },
    "croptopia:almond_crop": {
      "spawnRateFactor": 1.0,
      "isConiferBlock": false,
      "spawnBreakingLeaves": false
    },
    "croptopia:walnut_crop": {
      "spawnRateFactor": 1.0,
      "isConiferBlock": false,
      "spawnBreakingLeaves": false
    },
    "betterend:glowing_pillar_leaves": {
      "spawnRateFactor": 1.0,
      "isConiferBlock": false,
      "spawnBreakingLeaves": false
    },
    "croptopia:pear_crop": {
      "spawnRateFactor": 1.0,
      "isConiferBlock": false,
      "spawnBreakingLeaves": false
    },
    "croptopia:fig_crop": {
      "spawnRateFactor": 1.0,
      "isConiferBlock": false,
      "spawnBreakingLeaves": false
    },
    "betterend:cave_bush": {
      "spawnRateFactor": 1.0,
      "isConiferBlock": false,
      "spawnBreakingLeaves": false
    },
    "croptopia:lime_crop": {
      "spawnRateFactor": 1.0,
      "isConiferBlock": false,
      "spawnBreakingLeaves": false
    },
    "betterend:amaranita_fur": {
      "spawnRateFactor": 1.0,
      "isConiferBlock": false,
      "spawnBreakingLeaves": false
    },
    "betterend:helix_tree_leaves": {
      "spawnRateFactor": 1.0,
      "isConiferBlock": false,
      "spawnBreakingLeaves": false
    },
    "croptopia:plum_crop": {
      "spawnRateFactor": 1.0,
      "isConiferBlock": false,
      "spawnBreakingLeaves": false
    },
    "betterend:lucernia_outer_leaves": {
      "spawnRateFactor": 1.0,
      "isConiferBlock": false,
      "spawnBreakingLeaves": false
    },
    "croptopia:kumquat_crop": {
      "spawnRateFactor": 1.0,
      "isConiferBlock": false,
      "spawnBreakingLeaves": false
    },
    "betterend:blue_vine_fur": {
      "spawnRateFactor": 1.0,
      "isConiferBlock": false,
      "spawnBreakingLeaves": false
    },
    "croptopia:banana_crop": {
      "spawnRateFactor": 1.0,
      "isConiferBlock": false,
      "spawnBreakingLeaves": false
    },
    "croptopia:apple_crop": {
      "spawnRateFactor": 1.0,
      "isConiferBlock": false,
      "spawnBreakingLeaves": false
    },
    "croptopia:orange_crop": {
      "spawnRateFactor": 1.0,
      "isConiferBlock": false,
      "spawnBreakingLeaves": false
    },
    "croptopia:apricot_crop": {
      "spawnRateFactor": 1.0,
      "isConiferBlock": false,
      "spawnBreakingLeaves": false
    },
    "croptopia:grapefruit_crop": {
      "spawnRateFactor": 1.0,
      "isConiferBlock": false,
      "spawnBreakingLeaves": false
    },
    "croptopia:peach_crop": {
      "spawnRateFactor": 1.0,
      "isConiferBlock": false,
      "spawnBreakingLeaves": false
    },
    "betterend:umbrella_tree_membrane": {
      "spawnRateFactor": 1.0,
      "isConiferBlock": false,
      "spawnBreakingLeaves": false
    },
    "snifferplus:stone_pine_leaves": {
      "spawnRateFactor": 1.0,
      "isConiferBlock": false,
      "spawnBreakingLeaves": false
    },
    "promenade:palm_leaves": {
      "spawnRateFactor": 0.0,
      "isConiferBlock": false,
      "spawnBreakingLeaves": false
    },
    "promenade:cotton_sakura_blossoms": {
      "spawnRateFactor": 1.0,
      "isConiferBlock": false,
      "spawnBreakingLeaves": false
    },
    "promenade:blush_sakura_blossoms": {
      "spawnRateFactor": 1.0,
      "isConiferBlock": false,
      "spawnBreakingLeaves": false
    },
    "promenade:fulvous_maple_leaves": {
      "spawnRateFactor": 1.0,
      "isConiferBlock": false,
      "spawnBreakingLeaves": false
    },
    "promenade:vermilion_maple_leaves": {
      "spawnRateFactor": 1.0,
      "isConiferBlock": false,
      "spawnBreakingLeaves": false
    },
    "promenade:sap_maple_leaves": {
      "spawnRateFactor": 1.0,
      "isConiferBlock": false,
      "spawnBreakingLeaves": false
    },
    "promenade:mikado_maple_leaves": {
      "spawnRateFactor": 1.0,
      "isConiferBlock": false,
      "spawnBreakingLeaves": false
    },
    "promenade:snowy_spruce_leaves": {
      "spawnRateFactor": 1.0,
      "isConiferBlock": false,
      "spawnBreakingLeaves": false
    },
    "vinery:cherry_leaves": {
      "spawnRateFactor": 1.0,
      "isConiferBlock": false,
      "spawnBreakingLeaves": false
    },
    "vinery:apple_leaves": {
      "spawnRateFactor": 1.0,
      "isConiferBlock": false,
      "spawnBreakingLeaves": false
    },
    "vinery:grapevine_leaves": {
      "spawnRateFactor": 1.0,
      "isConiferBlock": false,
      "spawnBreakingLeaves": false
    },
    "chipped:dead_jungle_leaves": {
      "spawnRateFactor": 1.0,
      "isConiferBlock": false,
      "spawnBreakingLeaves": false
    },
    "chipped:orange_dark_oak_leaves": {
      "spawnRateFactor": 1.0,
      "isConiferBlock": false,
      "spawnBreakingLeaves": false
    },
    "bewitchment:dragons_blood_leaves": {
      "spawnRateFactor": 1.0,
      "isConiferBlock": true,
      "spawnBreakingLeaves": false
    },
    "chipped:dead_spruce_leaves": {
      "spawnRateFactor": 1.0,
      "isConiferBlock": false,
      "spawnBreakingLeaves": false
    },
    "chipped:magenta_flower_spruce_leaves": {
      "spawnRateFactor": 1.0,
      "isConiferBlock": false,
      "spawnBreakingLeaves": false
    },
    "chipped:cherry_dark_oak_leaves": {
      "spawnRateFactor": 1.0,
      "isConiferBlock": false,
      "spawnBreakingLeaves": false
    },
    "chipped:frosted_jungle_leaves": {
      "spawnRateFactor": 1.0,
      "isConiferBlock": false,
      "spawnBreakingLeaves": false
    },
    "chipped:white_flower_spruce_leaves": {
      "spawnRateFactor": 1.0,
      "isConiferBlock": false,
      "spawnBreakingLeaves": false
    },
    "chipped:frosted_dark_oak_leaves": {
      "spawnRateFactor": 1.0,
      "isConiferBlock": false,
      "spawnBreakingLeaves": false
    },
    "chipped:frosted_spruce_leaves": {
      "spawnRateFactor": 1.0,
      "isConiferBlock": false,
      "spawnBreakingLeaves": false
    },
    "chipped:golden_cherry_dark_oak_leaves": {
      "spawnRateFactor": 1.0,
      "isConiferBlock": false,
      "spawnBreakingLeaves": false
    },
    "chipped:white_flower_birch_leaves": {
      "spawnRateFactor": 1.0,
      "isConiferBlock": false,
      "spawnBreakingLeaves": false
    },
    "chipped:cherry_acacia_leaves": {
      "spawnRateFactor": 1.0,
      "isConiferBlock": false,
      "spawnBreakingLeaves": false
    },
    "chipped:magenta_flower_acacia_leaves": {
      "spawnRateFactor": 1.0,
      "isConiferBlock": false,
      "spawnBreakingLeaves": false
    },
    "chipped:magenta_flower_birch_leaves": {
      "spawnRateFactor": 1.0,
      "isConiferBlock": false,
      "spawnBreakingLeaves": false
    },
    "chipped:white_flower_acacia_leaves": {
      "spawnRateFactor": 1.0,
      "isConiferBlock": false,
      "spawnBreakingLeaves": false
    },
    "chipped:dead_oak_leaves": {
      "spawnRateFactor": 1.0,
      "isConiferBlock": false,
      "spawnBreakingLeaves": false
    },
    "chipped:red_dark_oak_leaves": {
      "spawnRateFactor": 1.0,
      "isConiferBlock": false,
      "spawnBreakingLeaves": false
    },
    "chipped:dead_birch_leaves": {
      "spawnRateFactor": 1.0,
      "isConiferBlock": false,
      "spawnBreakingLeaves": false
    },
    "chipped:orange_spruce_leaves": {
      "spawnRateFactor": 1.0,
      "isConiferBlock": false,
      "spawnBreakingLeaves": false
    },
    "chipped:golden_dark_oak_leaves": {
      "spawnRateFactor": 1.0,
      "isConiferBlock": false,
      "spawnBreakingLeaves": false
    },
    "chipped:cherry_birch_leaves": {
      "spawnRateFactor": 1.0,
      "isConiferBlock": false,
      "spawnBreakingLeaves": false
    },
    "chipped:cherry_spruce_leaves": {
      "spawnRateFactor": 1.0,
      "isConiferBlock": false,
      "spawnBreakingLeaves": false
    },
    "chipped:dead_acacia_leaves": {
      "spawnRateFactor": 1.0,
      "isConiferBlock": false,
      "spawnBreakingLeaves": false
    },
    "chipped:white_flower_dark_oak_leaves": {
      "spawnRateFactor": 1.0,
      "isConiferBlock": false,
      "spawnBreakingLeaves": false
    },
    "chipped:golden_apple_acacia_leaves": {
      "spawnRateFactor": 1.0,
      "isConiferBlock": false,
      "spawnBreakingLeaves": false
    },
    "chipped:golden_jungle_leaves": {
      "spawnRateFactor": 1.0,
      "isConiferBlock": false,
      "spawnBreakingLeaves": false
    },
    "chipped:orange_jungle_leaves": {
      "spawnRateFactor": 1.0,
      "isConiferBlock": false,
      "spawnBreakingLeaves": false
    },
    "chipped:orange_acacia_leaves": {
      "spawnRateFactor": 1.0,
      "isConiferBlock": false,
      "spawnBreakingLeaves": false
    },
    "chipped:magenta_flower_oak_leaves": {
      "spawnRateFactor": 1.0,
      "isConiferBlock": false,
      "spawnBreakingLeaves": false
    },
    "chipped:frosted_birch_leaves": {
      "spawnRateFactor": 1.0,
      "isConiferBlock": false,
      "spawnBreakingLeaves": false
    },
    "chipped:red_oak_leaves": {
      "spawnRateFactor": 1.0,
      "isConiferBlock": false,
      "spawnBreakingLeaves": false
    },
    "chipped:golden_apple_birch_leaves": {
      "spawnRateFactor": 1.0,
      "isConiferBlock": false,
      "spawnBreakingLeaves": false
    },
    "chipped:dead_dark_oak_leaves": {
      "spawnRateFactor": 1.0,
      "isConiferBlock": false,
      "spawnBreakingLeaves": false
    },
    "chipped:red_jungle_leaves": {
      "spawnRateFactor": 1.0,
      "isConiferBlock": false,
      "spawnBreakingLeaves": false
    },
    "chipped:golden_apple_spruce_leaves": {
      "spawnRateFactor": 1.0,
      "isConiferBlock": false,
      "spawnBreakingLeaves": false
    },
    "chipped:golden_apple_jungle_leaves": {
      "spawnRateFactor": 1.0,
      "isConiferBlock": false,
      "spawnBreakingLeaves": false
    },
    "chipped:golden_cherry_birch_leaves": {
      "spawnRateFactor": 1.0,
      "isConiferBlock": false,
      "spawnBreakingLeaves": false
    },
    "chipped:golden_birch_leaves": {
      "spawnRateFactor": 1.0,
      "isConiferBlock": false,
      "spawnBreakingLeaves": false
    },
    "bewitchment:juniper_leaves": {
      "spawnRateFactor": 1.0,
      "isConiferBlock": true,
      "spawnBreakingLeaves": false
    },
    "chipped:golden_cherry_spruce_leaves": {
      "spawnRateFactor": 1.0,
      "isConiferBlock": false,
      "spawnBreakingLeaves": false
    },
    "chipped:orange_oak_leaves": {
      "spawnRateFactor": 1.0,
      "isConiferBlock": false,
      "spawnBreakingLeaves": false
    },
    "chipped:frosted_oak_leaves": {
      "spawnRateFactor": 1.0,
      "isConiferBlock": false,
      "spawnBreakingLeaves": false
    },
    "chipped:golden_acacia_leaves": {
      "spawnRateFactor": 1.0,
      "isConiferBlock": false,
      "spawnBreakingLeaves": false
    },
    "chipped:red_spruce_leaves": {
      "spawnRateFactor": 1.0,
      "isConiferBlock": false,
      "spawnBreakingLeaves": false
    },
    "chipped:apple_spruce_leaves": {
      "spawnRateFactor": 1.0,
      "isConiferBlock": false,
      "spawnBreakingLeaves": false
    },
    "chipped:golden_apple_dark_oak_leaves": {
      "spawnRateFactor": 1.0,
      "isConiferBlock": false,
      "spawnBreakingLeaves": false
    },
    "chipped:cherry_oak_leaves": {
      "spawnRateFactor": 1.0,
      "isConiferBlock": false,
      "spawnBreakingLeaves": false
    },
    "chipped:apple_birch_leaves": {
      "spawnRateFactor": 1.0,
      "isConiferBlock": false,
      "spawnBreakingLeaves": false
    },
    "chipped:cherry_jungle_leaves": {
      "spawnRateFactor": 1.0,
      "isConiferBlock": false,
      "spawnBreakingLeaves": false
    },
    "chipped:orange_birch_leaves": {
      "spawnRateFactor": 1.0,
      "isConiferBlock": false,
      "spawnBreakingLeaves": false
    },
    "bewitchment:elder_leaves": {
      "spawnRateFactor": 1.0,
      "isConiferBlock": false,
      "spawnBreakingLeaves": false
    },
    "chipped:red_birch_leaves": {
      "spawnRateFactor": 1.0,
      "isConiferBlock": false,
      "spawnBreakingLeaves": false
    },
    "chipped:golden_cherry_acacia_leaves": {
      "spawnRateFactor": 1.0,
      "isConiferBlock": false,
      "spawnBreakingLeaves": false
    },
    "bewitchment:cypress_leaves": {
      "spawnRateFactor": 1.0,
      "isConiferBlock": true,
      "spawnBreakingLeaves": false
    },
    "chipped:golden_spruce_leaves": {
      "spawnRateFactor": 1.0,
      "isConiferBlock": false,
      "spawnBreakingLeaves": false
    },
    "chipped:red_acacia_leaves": {
      "spawnRateFactor": 1.0,
      "isConiferBlock": false,
      "spawnBreakingLeaves": false
    },
    "chipped:apple_acacia_leaves": {
      "spawnRateFactor": 1.0,
      "isConiferBlock": false,
      "spawnBreakingLeaves": false
    },
    "chipped:magenta_flower_dark_oak_leaves": {
      "spawnRateFactor": 1.0,
      "isConiferBlock": false,
      "spawnBreakingLeaves": false
    },
    "chipped:apple_dark_oak_leaves": {
      "spawnRateFactor": 1.0,
      "isConiferBlock": false,
      "spawnBreakingLeaves": false
    },
    "chipped:white_flower_oak_leaves": {
      "spawnRateFactor": 1.0,
      "isConiferBlock": false,
      "spawnBreakingLeaves": false
    },
    "chipped:golden_oak_leaves": {
      "spawnRateFactor": 1.0,
      "isConiferBlock": false,
      "spawnBreakingLeaves": false
    },
    "chipped:apple_jungle_leaves": {
      "spawnRateFactor": 1.0,
      "isConiferBlock": false,
      "spawnBreakingLeaves": false
    },
    "chipped:magenta_flower_jungle_leaves": {
      "spawnRateFactor": 1.0,
      "isConiferBlock": false,
      "spawnBreakingLeaves": false
    },
    "chipped:white_flower_jungle_leaves": {
      "spawnRateFactor": 1.0,
      "isConiferBlock": false,
      "spawnBreakingLeaves": false
    },
    "chipped:apple_oak_leaves": {
      "spawnRateFactor": 1.0,
      "isConiferBlock": false,
      "spawnBreakingLeaves": false
    },
    "chipped:golden_cherry_oak_leaves": {
      "spawnRateFactor": 1.0,
      "isConiferBlock": false,
      "spawnBreakingLeaves": false
    },
    "chipped:golden_apple_oak_leaves": {
      "spawnRateFactor": 1.0,
      "isConiferBlock": false,
      "spawnBreakingLeaves": false
    },
    "chipped:golden_cherry_jungle_leaves": {
      "spawnRateFactor": 1.0,
      "isConiferBlock": false,
      "spawnBreakingLeaves": false
    },
    "chipped:frosted_acacia_leaves": {
      "spawnRateFactor": 1.0,
      "isConiferBlock": false,
      "spawnBreakingLeaves": false
    },
    "regions_unexplored:golden_larch_leaves": {
      "spawnRateFactor": 1.0,
      "isConiferBlock": false,
      "spawnBreakingLeaves": false
    },
    "regions_unexplored:maple_leaves": {
      "spawnRateFactor": 1.0,
      "isConiferBlock": false,
      "spawnBreakingLeaves": false
    },
    "regions_unexplored:blackwood_leaves": {
      "spawnRateFactor": 1.0,
      "isConiferBlock": false,
      "spawnBreakingLeaves": false
    },
    "regions_unexplored:red_cherry_leaves": {
      "spawnRateFactor": 1.0,
      "isConiferBlock": false,
      "spawnBreakingLeaves": false
    },
    "regions_unexplored:pine_leaves": {
      "spawnRateFactor": 1.0,
      "isConiferBlock": false,
      "spawnBreakingLeaves": false
    },
    "regions_unexplored:pink_cherry_leaves": {
      "spawnRateFactor": 1.0,
      "isConiferBlock": false,
      "spawnBreakingLeaves": false
    },
    "regions_unexplored:orange_maple_leaves": {
      "spawnRateFactor": 1.0,
      "isConiferBlock": false,
      "spawnBreakingLeaves": false
    },
    "regions_unexplored:red_maple_leaves": {
      "spawnRateFactor": 1.0,
      "isConiferBlock": false,
      "spawnBreakingLeaves": false
    },
    "regions_unexplored:apple_oak_leaves": {
      "spawnRateFactor": 1.0,
      "isConiferBlock": false,
      "spawnBreakingLeaves": false
    },
    "regions_unexplored:larch_leaves": {
      "spawnRateFactor": 1.0,
      "isConiferBlock": false,
      "spawnBreakingLeaves": false
    },
    "regions_unexplored:flowering_leaves": {
      "spawnRateFactor": 1.0,
      "isConiferBlock": false,
      "spawnBreakingLeaves": false
    },
    "regions_unexplored:dead_pine_leaves": {
      "spawnRateFactor": 1.0,
      "isConiferBlock": false,
      "spawnBreakingLeaves": false
    },
    "regions_unexplored:dead_leaves": {
      "spawnRateFactor": 1.0,
      "isConiferBlock": false,
      "spawnBreakingLeaves": false
    },
    "regions_unexplored:sculkwood_leaves": {
      "spawnRateFactor": 1.0,
      "isConiferBlock": false,
      "spawnBreakingLeaves": false
    },
    "beachparty:palm_leaves": {
      "spawnRateFactor": 1.0,
      "isConiferBlock": false,
      "spawnBreakingLeaves": false
    },
    "regions_unexplored:redwood_leaves": {
      "spawnRateFactor": 1.0,
      "isConiferBlock": false,
      "spawnBreakingLeaves": false
    },
    "regions_unexplored:palm_leaves": {
      "spawnRateFactor": 1.0,
      "isConiferBlock": false,
      "spawnBreakingLeaves": false
    },
    "regions_unexplored:alpha_leaves": {
      "spawnRateFactor": 1.0,
      "isConiferBlock": false,
      "spawnBreakingLeaves": false
    },
    "regions_unexplored:cypress_leaves": {
      "spawnRateFactor": 1.0,
      "isConiferBlock": false,
      "spawnBreakingLeaves": false
    },
    "regions_unexplored:mauve_leaves": {
      "spawnRateFactor": 1.0,
      "isConiferBlock": false,
      "spawnBreakingLeaves": false
    },
    "regions_unexplored:willow_leaves": {
      "spawnRateFactor": 1.0,
      "isConiferBlock": false,
      "spawnBreakingLeaves": false
    },
    "regions_unexplored:white_cherry_leaves": {
      "spawnRateFactor": 1.0,
      "isConiferBlock": false,
      "spawnBreakingLeaves": false
    },
    "regions_unexplored:baobab_leaves": {
      "spawnRateFactor": 1.0,
      "isConiferBlock": false,
      "spawnBreakingLeaves": false
    },
    "regions_unexplored:eucalyptus_leaves": {
      "spawnRateFactor": 1.0,
      "isConiferBlock": false,
      "spawnBreakingLeaves": false
    },
    "regions_unexplored:silver_birch_leaves": {
      "spawnRateFactor": 1.0,
      "isConiferBlock": false,
      "spawnBreakingLeaves": false
    },
    "regions_unexplored:cherry_leaves": {
      "spawnRateFactor": 1.0,
      "isConiferBlock": false,
      "spawnBreakingLeaves": false
    },
    "regions_unexplored:bamboo_leaves": {
      "spawnRateFactor": 1.0,
      "isConiferBlock": false,
      "spawnBreakingLeaves": false
    },
    "regions_unexplored:joshua_leaves": {
      "spawnRateFactor": 1.0,
      "isConiferBlock": false,
      "spawnBreakingLeaves": false
    },
    "deeperdarker:echo_leaves": {
      "spawnRateFactor": 1.0,
      "isConiferBlock": false,
      "spawnBreakingLeaves": false
    },
    "minecells:wilted_leaves": {
      "spawnRateFactor": 1.0,
      "isConiferBlock": false,
      "spawnBreakingLeaves": false
    },
    "minecells:orange_wilted_leaves": {
      "spawnRateFactor": 1.0,
      "isConiferBlock": false,
      "spawnBreakingLeaves": false
    },
    "minecells:red_wilted_leaves": {
      "spawnRateFactor": 1.0,
      "isConiferBlock": false,
      "spawnBreakingLeaves": false
    },
    "regions_unexplored:small_oak_leaves": {
      "spawnRateFactor": 1.0,
      "isConiferBlock": false,
      "spawnBreakingLeaves": false
    },
    "regions_unexplored:magnolia_leaves": {
      "spawnRateFactor": 1.0,
      "isConiferBlock": false,
      "spawnBreakingLeaves": false
    },
    "regions_unexplored:socotra_leaves": {
      "spawnRateFactor": 1.0,
      "isConiferBlock": false,
      "spawnBreakingLeaves": false
    },
    "regions_unexplored:enchanted_birch_leaves": {
      "spawnRateFactor": 1.0,
      "isConiferBlock": false,
      "spawnBreakingLeaves": false
    },
    "regions_unexplored:white_magnolia_leaves": {
      "spawnRateFactor": 1.0,
      "isConiferBlock": false,
      "spawnBreakingLeaves": false
    },
    "regions_unexplored:cobalt_webbing": {
      "spawnRateFactor": 1.0,
      "isConiferBlock": false,
      "spawnBreakingLeaves": false
    },
    "regions_unexplored:ashen_leaves": {
      "spawnRateFactor": 1.0,
      "isConiferBlock": false,
      "spawnBreakingLeaves": false
    },
    "regions_unexplored:brimwood_leaves": {
      "spawnRateFactor": 1.0,
      "isConiferBlock": false,
      "spawnBreakingLeaves": false
    },
    "regions_unexplored:blue_magnolia_leaves": {
      "spawnRateFactor": 1.0,
      "isConiferBlock": false,
      "spawnBreakingLeaves": false
    },
    "regions_unexplored:pink_magnolia_leaves": {
      "spawnRateFactor": 1.0,
      "isConiferBlock": false,
      "spawnBreakingLeaves": false
    },
    "regions_unexplored:kapok_leaves": {
      "spawnRateFactor": 1.0,
      "isConiferBlock": false,
      "spawnBreakingLeaves": false
    },
    "regions_unexplored:spanish_moss": {
      "spawnRateFactor": 1.0,
      "isConiferBlock": false,
      "spawnBreakingLeaves": false
    },
    "regions_unexplored:spanish_moss_plant": {
      "spawnRateFactor": 1.0,
      "isConiferBlock": false,
      "spawnBreakingLeaves": false
    },
    "culturaldelights:avocado_leaves": {
      "spawnRateFactor": 1.0,
      "isConiferBlock": false,
      "spawnBreakingLeaves": false
    },
    "eldritch_end:primordial_leaves": {
      "spawnRateFactor": 1.0,
      "isConiferBlock": false,
      "spawnBreakingLeaves": true
    },
    "spectrum:pink_leaves": {
      "spawnRateFactor": 1.0,
      "isConiferBlock": false,
      "spawnBreakingLeaves": true
    },
    "spectrum:light_blue_leaves": {
      "spawnRateFactor": 1.0,
      "isConiferBlock": false,
      "spawnBreakingLeaves": true
    },
    "spectrum:lime_leaves": {
      "spawnRateFactor": 1.0,
      "isConiferBlock": false,
      "spawnBreakingLeaves": true
    },
    "spectrum:brown_leaves": {
      "spawnRateFactor": 1.0,
      "isConiferBlock": false,
      "spawnBreakingLeaves": true
    },
    "spectrum:white_leaves": {
      "spawnRateFactor": 1.0,
      "isConiferBlock": false,
      "spawnBreakingLeaves": true
    },
    "spectrum:cyan_leaves": {
      "spawnRateFactor": 1.0,
      "isConiferBlock": false,
      "spawnBreakingLeaves": true
    },
    "spectrum:gray_leaves": {
      "spawnRateFactor": 1.0,
      "isConiferBlock": false,
      "spawnBreakingLeaves": true
    },
    "spectrum:magenta_leaves": {
      "spawnRateFactor": 1.0,
      "isConiferBlock": false,
      "spawnBreakingLeaves": true
    },
    "spectrum:orange_leaves": {
      "spawnRateFactor": 1.0,
      "isConiferBlock": false,
      "spawnBreakingLeaves": true
    },
    "spectrum:green_leaves": {
      "spawnRateFactor": 1.0,
      "isConiferBlock": false,
      "spawnBreakingLeaves": true
    },
    "spectrum:purple_leaves": {
      "spawnRateFactor": 1.0,
      "isConiferBlock": false,
      "spawnBreakingLeaves": true
    },
    "spectrum:red_leaves": {
      "spawnRateFactor": 1.0,
      "isConiferBlock": false,
      "spawnBreakingLeaves": true
    },
    "spectrum:nephrite_blossom_leaves": {
      "spawnRateFactor": 1.0,
      "isConiferBlock": false,
      "spawnBreakingLeaves": true
    },
    "spectrum:spirit_sallow_leaves": {
      "spawnRateFactor": 1.0,
      "isConiferBlock": false,
      "spawnBreakingLeaves": true
    },
    "spectrum:light_gray_leaves": {
      "spawnRateFactor": 1.0,
      "isConiferBlock": false,
      "spawnBreakingLeaves": true
    },
    "spectrum:blue_leaves": {
      "spawnRateFactor": 1.0,
      "isConiferBlock": false,
      "spawnBreakingLeaves": true
    },
    "spectrum:black_leaves": {
      "spawnRateFactor": 1.0,
      "isConiferBlock": false,
      "spawnBreakingLeaves": true
    },
    "spectrum:yellow_leaves": {
      "spawnRateFactor": 1.0,
      "isConiferBlock": false,
      "spawnBreakingLeaves": true
    },
    "spectrum:jade_vine_petal_block": {
      "spawnRateFactor": 1.0,
      "isConiferBlock": false,
      "spawnBreakingLeaves": true
    },
    "derelict:smoldering_leaves": {
      "spawnRateFactor": 1.0,
      "isConiferBlock": false,
      "spawnBreakingLeaves": true
    },
    "derelict:burned_leaves": {
      "spawnRateFactor": 1.0,
      "isConiferBlock": false,
      "spawnBreakingLeaves": true
    },
    "thaumon:greatwood_leaves": {
      "spawnRateFactor": 1.0,
      "isConiferBlock": false,
      "spawnBreakingLeaves": true
    },
    "thaumon:silverwood_leaves": {
      "spawnRateFactor": 1.0,
      "isConiferBlock": false,
      "spawnBreakingLeaves": true
    },
    "thaumon:silverwood_leaf_wall": {
      "spawnRateFactor": 1.0,
      "isConiferBlock": false,
      "spawnBreakingLeaves": true
    },
    "thaumon:silverwood_leaf_post": {
      "spawnRateFactor": 1.0,
      "isConiferBlock": false,
      "spawnBreakingLeaves": true
    }
  },
  "leafSpawners": [],
  "fallSpawnRateFactor": 1.8,
  "winterSpawnRateFactor": 0.1,
  "startingSpawnRadius": 0,
  "decaySpawnRateFactor": 2.6,
  "maxDecayLeaves": 9
}